categories,cat_id,groups,g_id,resources,csr_code
Механизмы подъемно-транспортные,0,Домкраты,0,"Домкраты гидравлические, грузоподъемность 6,3-25 т",91.06.01-002
Механизмы подъемно-транспортные,0,Домкраты,0,"Домкраты гидравлические, грузоподъемность 63-100 т",91.06.01-003
Механизмы подъемно-транспортные,0,Домкраты,0,"Домкраты гидравлические, грузоподъемность 200 т",91.06.01-004
Механизмы подъемно-транспортные,0,Домкраты,0,"Домкраты гидравлические, грузоподъемность до 300 т",91.06.01-005
Механизмы подъемно-транспортные,0,Домкраты,0,"Домкраты гидравлические, грузоподъемность до 350 т, ход поршня 2,1 м",91.06.01-006
Механизмы подъемно-транспортные,0,Домкраты,0,"Домкраты гидравлические, грузоподъемность до 500 т",91.06.01-007
Механизмы подъемно-транспортные,0,Домкраты,0,"Домкраты гидравлические, грузоподъемность до 1200 т",91.06.01-510
Механизмы подъемно-транспортные,0,Лебедки,0,"Лебедки автономные гидравлические с двигателем внутреннего сгорания для бестраншейной замены трубопроводов и протяжки кабеля в комплекте с гидравлическим агрегатом, тяговое усилие 10 т",91.06.03-001
Механизмы подъемно-транспортные,0,Лебедки,0,"Лебедки-прицепы гидравлические для протяжки кабеля, тяговое усилие 5 т",91.06.03-011
Механизмы подъемно-транспортные,0,Лебедки,0,"Лебедки-прицепы гидравлические для протяжки кабеля, тяговое усилие 10 т",91.06.03-012
Механизмы подъемно-транспортные,0,Лебедки,0,"Лебедки вспомогательные шахтные с тяговым усилием 6,18 кН (0,63 т)",91.06.03-031
Механизмы подъемно-транспортные,0,Лебедки,0,"Лебедки вспомогательные шахтные с тяговым усилием 8,83 кН (0,9 т)",91.06.03-032
Механизмы подъемно-транспортные,0,Лебедки,0,"Лебедки вспомогательные шахтные с тяговым усилием 13,73 кН (1,4 т)",91.06.03-033
Механизмы подъемно-транспортные,0,Лебедки,0,"Лебедки вспомогательные шахтные с тяговым усилием 24,53 кН (2,5 т)",91.06.03-034
Механизмы подъемно-транспортные,0,Лебедки,0,"Лебедки вспомогательные шахтные с тяговым усилием 49,05 кН (5 т)",91.06.03-035
Механизмы подъемно-транспортные,0,Лебедки,0,"Лебедки вспомогательные шахтные с тяговым усилием 137,34 кН (14 т)",91.06.03-037
Механизмы подъемно-транспортные,0,Лебедки,0,"Лебедки гидравлические прицепные с двигателем внутреннего сгорания для санации внутренней поверхности трубопроводов, тяговое усилие 200 кН (20 т)",91.06.03-039
Механизмы подъемно-транспортные,0,Лебедки,0,"Лебедки проходческие тяговым усилием 49,05 кН (5 т)",91.06.03-040
Механизмы подъемно-транспортные,0,Лебедки,0,"Лебедки проходческие тяговым усилием 98,1 кН (10 т)",91.06.03-041
Механизмы подъемно-транспортные,0,Лебедки,0,"Лебедки проходческие тяговым усилием 245,25 кН (25 т)",91.06.03-043
Механизмы подъемно-транспортные,0,Лебедки,0,"Лебедки ручные и рычажные тяговым усилием 14,72 кН (1,5 т)",91.06.03-045
Механизмы подъемно-транспортные,0,Лебедки,0,"Лебедки ручные и рычажные тяговым усилием 29,43 кН (3 т)",91.06.03-046
Механизмы подъемно-транспортные,0,Лебедки,0,"Лебедки ручные и рычажные тяговым усилием 31,39 кН (3,2 т)",91.06.03-047
Механизмы подъемно-транспортные,0,Лебедки,0,"Лебедки ручные и рычажные тяговым усилием 49,05 кН (5 т)",91.06.03-048
Механизмы подъемно-транспортные,0,Лебедки,0,"Лебедки ручные и рычажные тяговым усилием до 9,81 кН (1 т)",91.06.03-049
Механизмы подъемно-транспортные,0,Лебедки,0,Лебедки слиповые электрические 10 т,91.06.03-051
Механизмы подъемно-транспортные,0,Лебедки,0,"Лебедки тракторные тяговым усилием 78,48 кН (8 т)",91.06.03-052
Механизмы подъемно-транспортные,0,Лебедки,0,"Лебедки с двигателем внутреннего сгорания, тяговое усилие 1471,5 кН (150 т)",91.06.03-053
Механизмы подъемно-транспортные,0,Лебедки,0,Лебедки шахтные маневровые для откатки вагонеток до первой разминовки,91.06.03-054
Механизмы подъемно-транспортные,0,Лебедки,0,"Лебедки электрические тяговым усилием 19,62 кН (2 т)",91.06.03-055
Механизмы подъемно-транспортные,0,Лебедки,0,"Лебедки электрические тяговым усилием 78,48 кН (8 т)",91.06.03-056
Механизмы подъемно-транспортные,0,Лебедки,0,"Лебедки электрические тяговым усилием 122,62 кН (12,5 т)",91.06.03-057
Механизмы подъемно-транспортные,0,Лебедки,0,"Лебедки электрические тяговым усилием 156,96 кН (16 т)",91.06.03-058
Механизмы подъемно-транспортные,0,Лебедки,0,"Лебедки электрические тяговым усилием 313,92 кН (32 т)",91.06.03-059
Механизмы подъемно-транспортные,0,Лебедки,0,"Лебедки электрические тяговым усилием до 5,79 кН (0,59 т)",91.06.03-060
Механизмы подъемно-транспортные,0,Лебедки,0,"Лебедки электрические тяговым усилием до 12,26 кН (1,25 т)",91.06.03-061
Механизмы подъемно-транспортные,0,Лебедки,0,"Лебедки электрические тяговым усилием до 31,39 кН (3,2 т)",91.06.03-062
Механизмы подъемно-транспортные,0,Лебедки,0,"Лебедки электрические тяговым усилием до 49,05 кН (5 т)",91.06.03-063
Механизмы подъемно-транспортные,0,Лебедки,0,"Лебедочные станции, грузоподъемность до 0,5 т",91.06.03-071
Механизмы подъемно-транспортные,0,Лебедки,0,"Лебедки гидравлические прицепные, регулируемое натяжение троса до 500 кг, скорость протягивания до 2 км/ч, мощность привода 13 кВт",91.06.03-081
Механизмы подъемно-транспортные,0,Лебедки,0,"Лебедки автономные гидравлические с двигателем внутреннего сгорания для бестраншейной замены трубопроводов и протяжки кабеля в комплекте с гидравлическим агрегатом, тяговое усилие 20 т",91.06.03-091
Механизмы подъемно-транспортные,0,Лебедки,0,"Лебедки гидравлические прицепные с двигателем внутреннего сгорания для санации внутренней поверхности трубопроводов, тяговое усилие 100 кН (10 т)",91.06.03-514
Механизмы подъемно-транспортные,0,Лебедки,0,"Лебедки электрические канатные, тяговое усилие 14,71 кН (1,5 т)",91.06.03-578
Механизмы подъемно-транспортные,0,Тали,0,Тали ручные рычажные,91.06.07-001
Механизмы подъемно-транспортные,0,Тали,0,"Тали электрические общего назначения, грузоподъемность 0,5 т",91.06.07-002
Механизмы подъемно-транспортные,0,Тали,0,"Тали электрические общего назначения, грузоподъемность 1 т",91.06.07-003
Механизмы подъемно-транспортные,0,Тали,0,"Тали электрические общего назначения, грузоподъемность 2 т",91.06.07-004
Механизмы подъемно-транспортные,0,Тали,0,"Тали электрические общего назначения, грузоподъемность 3,2 т",91.06.07-005
Механизмы подъемно-транспортные,0,Тали,0,"Тали электрические общего назначения, грузоподъемность 5 т",91.06.07-006
Механизмы подъемно-транспортные,0,Тали,0,"Тали электрические общего назначения, грузоподъемность 10 т",91.06.07-007
Механизмы подъемно-транспортные,0,Тельферы,0,"Тельферы электрические, грузоподъемность 0,5 т",91.06.08-001
Механизмы подъемно-транспортные,0,Тельферы,0,"Тельферы электрические, грузоподъемность 1 т",91.06.08-002
Механизмы подъемно-транспортные,0,Тельферы,0,"Тельферы электрические, грузоподъемность 2 т",91.06.08-003
Механизмы подъемно-транспортные,0,Тельферы,0,"Тельферы электрические, грузоподъемность 3,2 т",91.06.08-004
Механизмы подъемно-транспортные,0,Тельферы,0,"Тельферы электрические, грузоподъемность 5 т",91.06.08-005
"Машины и агрегаты для тоннелестроения, горнопроходческих работ и строительства метрополитенов",0,Гайковерты,0,Гайковерты ручные пневматические при работе от стационарных компрессорных станций,91.03.19-091
"Машины и агрегаты для тоннелестроения, горнопроходческих работ и строительства метрополитенов",0,Гайковерты,0,Гайковерты ручные пневматические при работе от передвижных компрессорных установок,91.03.19-092
"Машины для приготовления, подачи и укладки бетона и раствора",0,"Бадьи, силосы цемента",0,"Бадьи, емкость 1 м3",91.07.01-001
"Машины для приготовления, подачи и укладки бетона и раствора",0,"Бадьи, силосы цемента",0,"Бадьи, емкость 2 м3",91.07.01-002
"Машины для приготовления, подачи и укладки бетона и раствора",0,"Бадьи, силосы цемента",0,"Бадьи, емкость 4 м3",91.07.01-003
"Машины для приготовления, подачи и укладки бетона и раствора",0,"Бадьи, силосы цемента",0,"Силосы цемента, вместимость 40 т",91.07.01-011
"Машины для приготовления, подачи и укладки бетона и раствора",0,Бетоносмесители,0,"Бетоносмесители гравитационные передвижные, объем барабана 65 л",91.07.03-001
"Машины для приготовления, подачи и укладки бетона и раствора",0,Бетоносмесители,0,"Бетоносмесители гравитационные передвижные, объем барабана 165 л",91.07.03-002
"Машины для приготовления, подачи и укладки бетона и раствора",0,Бетоносмесители,0,"Бетоносмесители гравитационные передвижные, объем барабана 350 л",91.07.03-003
"Машины для приготовления, подачи и укладки бетона и раствора",0,Бетоносмесители,0,"Бетоносмесители гравитационные передвижные, объем барабана 500 л",91.07.03-004
"Машины для приготовления, подачи и укладки бетона и раствора",0,Бетоносмесители,0,"Бетоносмесители гравитационные передвижные, объем барабана 250 л",91.07.03-008
"Машины для приготовления, подачи и укладки бетона и раствора",0,Бетоносмесители,0,"Бетоносмесители принудительного действия передвижные, объем бункера 165 л",91.07.03-009
"Машины для приготовления, подачи и укладки бетона и раствора",0,Бетоносмесители,0,"Бетоносмесители принудительного действия передвижные, объем бункера 250 л",91.07.03-010
"Машины для приготовления, подачи и укладки бетона и раствора",0,Бетоносмесители,0,"Бетоносмесители принудительного действия стационарные, объем бункера 1000 л",91.07.03-014
"Машины для приготовления, подачи и укладки бетона и раствора",0,Растворосмесители,0,"Растворосмесители стационарные для приготовления водоцементных и других растворов, объем емкости 350 л",91.07.08-021
"Машины для приготовления, подачи и укладки бетона и раствора",0,Растворосмесители,0,"Растворосмесители стационарные для приготовления водоцементных и других растворов, объем емкости 750 л",91.07.08-022
"Машины для приготовления, подачи и укладки бетона и раствора",0,Растворосмесители,0,"Растворосмесители стационарные для приготовления водоцементных и других растворов, объем емкости 2000 л",91.07.08-023
"Машины для приготовления, подачи и укладки бетона и раствора",0,Растворосмесители,0,"Растворосмесители стационарные, объем емкости 500 л",91.07.08-026
"Машины для приготовления, подачи и укладки бетона и раствора",0,Растворосмесители,0,"Растворосмесители передвижные, объем барабана 65 л",91.07.08-024
"Машины для приготовления, подачи и укладки бетона и раствора",0,Растворосмесители,0,"Растворосмесители передвижные, объем барабана 250 л",91.07.08-025
"Машины для приготовления, подачи и укладки бетона и раствора",0,Растворосмесители,0,"Растворосмесители передвижные, объем барабана 150 л",91.07.08-032
"Машины для приготовления, подачи и укладки бетона и раствора",0,Растворосмесители,0,"Растворосмесители передвижные цикличные, объем бункера 80 л",91.07.08-514
"Машины для приготовления, подачи и укладки бетона и раствора",0,Растворосмесители,0,"Растворосмесители ручные, мощность 1050 Вт",91.07.08-033
"Машины для приготовления, подачи и укладки бетона и раствора",0,Растворосмесители,0,"Установки смесительные, производительность 20 м3/ч",91.07.08-041
"Машины для приготовления, подачи и укладки бетона и раствора",0,Растворосмесители,0,"Глиномешалки, емкость 4 м3",91.07.08-011
"Машины для приготовления, подачи и укладки бетона и раствора",0,Виброоборудование,0,Вибраторы глубинные,91.07.04-001
"Машины для приготовления, подачи и укладки бетона и раствора",0,Виброоборудование,0,Вибраторы поверхностные,91.07.04-002
"Машины для приготовления, подачи и укладки бетона и раствора",0,Виброоборудование,0,Вибраторы крановые,91.07.04-011
"Машины для приготовления, подачи и укладки бетона и раствора",0,Виброоборудование,0,Вибробункеры,91.07.04-021
"Машины для приготовления, подачи и укладки бетона и раствора",0,Виброоборудование,0,Виброжелоба,91.07.04-031
"Машины для приготовления, подачи и укладки бетона и раствора",0,Виброоборудование,0,Виброрейки,91.07.04-041
"Машины для приготовления, подачи и укладки бетона и раствора",0,"Цемент-пушки, растворонагнетатели",0,Бетон-шприцмашины (установки для набрызгбетонирования),91.07.10-001
"Машины для приготовления, подачи и укладки бетона и раствора",0,"Цемент-пушки, растворонагнетатели",0,"Растворонагнетатели с электродвигателем, производительность 4 м3/ч, дальность подачи по горизонтали 200 м, дальность подачи по вертикали 60",91.07.10-011
"Машины для приготовления, подачи и укладки бетона и раствора",0,"Цемент-пушки, растворонагнетатели",0,Цемент-пушки с дозатором барабанного типа при работе от стационарных компрессорных станций,91.07.10-021
"Машины для приготовления, подачи и укладки бетона и раствора",0,"Цемент-пушки, растворонагнетатели",0,Цемент-пушки при работе от передвижных компрессорных установок,91.07.10-031
"Машины для приготовления, подачи и укладки бетона и раствора",0,"Цемент-пушки, растворонагнетатели",0,"Установки сухого и мокрого торкретирования, объем подачи 3,6-9,6 м3/ч",91.07.11-010
"Машины для приготовления, подачи и укладки бетона и раствора",0,Станции штукатурные,0,"Станции штукатурные, производительность до 85 л/мин",91.21.22-186
"Машины для приготовления, подачи и укладки бетона и раствора",0,Агрегаты торкретирования,0,"Агрегаты для нанесения составов методом торкретирования, 3,2 м3/ч",91.21.22-021
"Машины для приготовления, подачи и укладки бетона и раствора",0,Грохоты,0,"Грохоты барабанные передвижные (троммели), производительность до 100 м3/ч",91.08.11-141
"Машины для приготовления, подачи и укладки бетона и раствора",0,Грохоты,0,Грохоты инерционные среднего типа,91.21.22-121
"Машины для приготовления, подачи и укладки бетона и раствора",0,Дробилки,0,Дробилки молотковые,91.21.22-131
Машины для дорожного и аэродромного строительства,0,Гудронаторы,0,Гудронаторы ручные,91.08.02-011
Машины для дорожного и аэродромного строительства,0,Нарезчики швов,0,"Нарезчики швов, максимальная глубина резки 240 мм, мощность 17,7 кВт (24 л.с.)",91.08.06-001
Машины для дорожного и аэродромного строительства,0,Нарезчики швов,0,"Нарезчики швов, максимальная глубина резки 150 мм, мощность 4 кВт (6 л.с.)",91.08.06-002
Машины для дорожного и аэродромного строительства,0,Нарезчики швов,0,"Нарезчики швов, максимальная глубина резки 200 мм, мощность 9 кВт (12 л.с.)",91.08.06-003
Машины для дорожного и аэродромного строительства,0,Нарезчики швов,0,"Нарезчики швов самоходные, максимальная глубина резки 350 мм, мощность 22 кВт (30 л.с.)",91.08.06-004
Машины для дорожного и аэродромного строительства,0,Нарезчики швов,0,"Нарезчики швов самоходные, максимальная глубина резки 500 мм, мощность 55 кВт (75 л.с.)",91.08.06-005
Машины для дорожного и аэродромного строительства,0,Нарезчики швов,0,"Нарезчики швов в затвердевшем бетоне самоходные, максимальная глубина резки 480 мм, мощность 62 кВт (84 л.с.)",91.08.06-011
Машины для дорожного и аэродромного строительства,0,Нарезчики швов,0,"Раздельщик швов и трещин, глубина реза до 60 мм, ширина реза 20 мм, частота вращения 10000 об/мин",91.08.06-021
Машины для дорожного и аэродромного строительства,0,Разогреватели швов,0,Разогреватели швов инфракрасные,91.08.11-041
Машины для дорожного и аэродромного строительства,0,Трамбовки и виброплиты,0,Виброплиты с двигателем внутреннего сгорания,91.08.09-001
Машины для дорожного и аэродромного строительства,0,Трамбовки и виброплиты,0,Виброплиты электрические,91.08.09-002
Машины для дорожного и аэродромного строительства,0,Трамбовки и виброплиты,0,"Плиты вибрационные с двигателем внутреннего сгорания, мощность 11 кВт (15 л.с.)",91.08.09-011
Машины для дорожного и аэродромного строительства,0,Трамбовки и виброплиты,0,Трамбовки пневматические при работе от передвижных компрессорных станций,91.08.09-023
Машины для дорожного и аэродромного строительства,0,Трамбовки и виброплиты,0,Трамбовки пневматические при работе от стационарного компрессора,91.08.09-024
Машины для дорожного и аэродромного строительства,0,Трамбовки и виброплиты,0,Трамбовки электрические,91.08.09-025
Машины для дорожного и аэродромного строительства,0,Трамбовки и виброплиты,0,"Вибротрамбовки бензиновые, мощность до 4 кВт",91.08.09-502
Машины для дорожного и аэродромного строительства,0,"Фрезы, установки фрезерования",0,"Машины фрезеровальные с двигателем внутреннего сгорания, глубина фрезерования до 14 мм, мощность двигателя 9 кВт (12 л.с.)",91.08.10-011
Машины для железнодорожного строительства,0,"Машины для уплотнения, выправки, подбивки и рихтовки путей",0,Рихтовщики гидравлические,91.09.10-031
Машины для железнодорожного строительства,0,"Машины для уплотнения, выправки, подбивки и рихтовки путей",0,Шпалоподбойки электрические,91.09.10-051
Машины для железнодорожного строительства,0,"Машины для уплотнения, выправки, подбивки и рихтовки путей",0,Шпалоподбойки электрические при работе от передвижной электростанции,91.09.10-061
Машины для железнодорожного строительства,0,Машины и инструменты для работы с отдельными элементами верхнего строения пути,0,Гайковерты путевые моторные,91.09.12-001
Машины для железнодорожного строительства,0,Машины и инструменты для работы с отдельными элементами верхнего строения пути,0,Держатели колеи специальные,91.09.12-011
Машины для железнодорожного строительства,0,Машины и инструменты для работы с отдельными элементами верхнего строения пути,0,Домкраты путевые,91.09.12-021
Машины для железнодорожного строительства,0,Машины и инструменты для работы с отдельными элементами верхнего строения пути,0,Ключи путевые универсальные,91.09.12-031
Машины для железнодорожного строительства,0,Машины и инструменты для работы с отдельными элементами верхнего строения пути,0,Ключи путевые универсальные при работе от передвижной электростанции,91.09.12-041
Машины для железнодорожного строительства,0,Машины и инструменты для работы с отдельными элементами верхнего строения пути,0,Костылезабивщики,91.09.12-051
Машины для железнодорожного строительства,0,Машины и инструменты для работы с отдельными элементами верхнего строения пути,0,Разгонщики гидравлические,91.09.12-081
Машины для железнодорожного строительства,0,Машины и инструменты для работы с отдельными элементами верхнего строения пути,0,Станки рельсорезные,91.09.12-101
Машины для железнодорожного строительства,0,Машины и инструменты для работы с отдельными элементами верхнего строения пути,0,"Станки рельсосверлильные, мощность 1,15 кВт",91.09.12-102
Машины для железнодорожного строительства,0,Машины и инструменты для работы с отдельными элементами верхнего строения пути,0,Траверсы для укладки полушпал на железных дорогах,91.09.12-121
Машины для железнодорожного строительства,0,Машины и инструменты для работы с отдельными элементами верхнего строения пути,0,Устройства путевые подъемные,91.09.12-131
Машины для железнодорожного строительства,0,Машины и инструменты для работы с отдельными элементами верхнего строения пути,0,"Рельсогибы, усилие гиба до 36 т",91.09.12-514
Машины для железнодорожного строительства,0,Машины и инструменты для работы с отдельными элементами верхнего строения пути,0,"Станки рельсосверлильные, мощность 1,7 кВт",91.09.12-520
Машины для железнодорожного строительства,0,Машины и инструменты для работы с отдельными элементами верхнего строения пути,0,Приборы винтовые для регулировки стыков и зазоров железнодорожных путей,91.09.14-061
Машины для железнодорожного строительства,0,Машины и инструменты для работы с отдельными элементами верхнего строения пути,0,Вышки съемные монтажные,91.09.14-001
Машины для строительства магистральных трубопроводов,0,"Машины для очистки, грунтовки и изоляции труб",0,Машины прочистные секционного типа для труб диаметром до 250 мм,91.10.04-001
Машины для строительства магистральных трубопроводов,0,"Машины для очистки, грунтовки и изоляции труб",0,Машины для очистки и грунтовки труб диаметром 150-300 мм,91.10.04-011
Машины для строительства магистральных трубопроводов,0,"Машины для очистки, грунтовки и изоляции труб",0,Машины для очистки и грунтовки труб диаметром 350-500 мм,91.10.04-012
Машины для строительства магистральных трубопроводов,0,"Машины для очистки, грунтовки и изоляции труб",0,Машины для очистки и грунтовки труб диаметром 600-800 мм,91.10.04-013
Машины для строительства магистральных трубопроводов,0,"Машины для очистки, грунтовки и изоляции труб",0,Машины для очистки и грунтовки труб диаметром 1000-1200 мм,91.10.04-014
Машины для строительства магистральных трубопроводов,0,"Машины для очистки, грунтовки и изоляции труб",0,Машины для очистки и изоляции полимерными лентами труб диаметром 200-300 мм,91.10.04-015
Машины для строительства магистральных трубопроводов,0,"Машины для очистки, грунтовки и изоляции труб",0,Машины для очистки и изоляции полимерными лентами труб диаметром 350-500 мм,91.10.04-016
Машины для строительства магистральных трубопроводов,0,"Машины для очистки, грунтовки и изоляции труб",0,Машины для очистки и изоляции полимерными лентами труб диаметром 600-800 мм,91.10.04-017
Машины для строительства магистральных трубопроводов,0,"Машины для очистки, грунтовки и изоляции труб",0,Машины для очистки и изоляции полимерными лентами труб диаметром 1000-1200 мм,91.10.04-018
Машины для строительства магистральных трубопроводов,0,"Машины для очистки, грунтовки и изоляции труб",0,Машины для очистки и изоляции полимерными лентами труб диаметром 1400 мм,91.10.04-019
Машины для строительства магистральных трубопроводов,0,"Машины для очистки, грунтовки и изоляции труб",0,Машины изоляционные для труб диаметром 200-300 мм,91.10.04-020
Машины для строительства магистральных трубопроводов,0,"Машины для очистки, грунтовки и изоляции труб",0,Машины изоляционные для труб диаметром 350-500 мм,91.10.04-021
Машины для строительства магистральных трубопроводов,0,"Машины для очистки, грунтовки и изоляции труб",0,Машины изоляционные для труб диаметром 1000-1400 мм,91.10.04-022
Машины для строительства магистральных трубопроводов,0,"Машины для очистки, грунтовки и изоляции труб",0,Машины изоляционные для труб диаметром до 150 мм,91.10.04-023
Машины для строительства магистральных трубопроводов,0,"Машины для очистки, грунтовки и изоляции труб",0,Машины изоляционные для труб диаметром 600-800 мм,91.10.04-024
Машины для строительства магистральных трубопроводов,0,"Машины для очистки, грунтовки и изоляции труб",0,"Аппараты для очистки трубопроводов с двигателем внутреннего сгорания, производительность 22 л/мин",91.10.04-031
Машины для строительства магистральных трубопроводов,0,"Машины для очистки, грунтовки и изоляции труб",0,Установки для нанесения полимерного покрытия методом напыления на внутреннюю поверхность трубопроводов диаметром 200-1600 мм,91.10.04-051
Машины для строительства магистральных трубопроводов,0,"Машины для очистки, грунтовки и изоляции труб",0,Установки для химической очистки маслопроводов,91.10.04-041
Машины для строительства магистральных трубопроводов,0,"Машины для очистки, грунтовки и изоляции труб",0,"Установки реверсивные с парогенератором для санации труб тканевым рукавом, диаметр трубопровода 100-400 мм",91.10.04-564
Машины для строительства магистральных трубопроводов,0,"Машины для очистки, грунтовки и изоляции труб",0,"Установки реверсивные с парогенератором для санации труб тканевым рукавом, диаметр трубопровода 500-700 мм",91.10.04-566
Машины для строительства магистральных трубопроводов,0,"Машины для очистки, грунтовки и изоляции труб",0,"Установки реверсивные с парогенератором для санации труб тканевым рукавом, диаметр трубопровода 800-1000 мм",91.10.04-568
Машины для строительства магистральных трубопроводов,0,"Машины для очистки, грунтовки и изоляции труб",0,"Машины центробежного набрызга пневматические при работе от передвижных компрессорных установок для облицовки внутренней поверхности труб цементно-песчаными (цементно-полимерными) изоляционными покрытиями, диаметр труб до 800 мм",91.10.04-571
Машины для строительства магистральных трубопроводов,0,"Машины для очистки, грунтовки и изоляции труб",0,"Машины центробежного набрызга электрические для облицовки внутренней поверхности труб, диаметр труб 800-1200 мм",91.10.04-572
Машины для строительства магистральных трубопроводов,0,"Машины для очистки, грунтовки и изоляции труб",0,"Машины центробежного набрызга электрические для облицовки внутренней поверхности труб, диаметр труб 1300-1600 мм",91.10.04-573
Машины для строительства магистральных трубопроводов,0,"Машины для очистки, грунтовки и изоляции труб",0,"Машины центробежного набрызга электрические для облицовки внутренней поверхности труб, диаметр труб 1700-2000 мм",91.10.04-574
Машины для строительства магистральных трубопроводов,0,"Машины для очистки, грунтовки и изоляции труб",0,"Установки для смешивания, нагревания и нанесения двухкомпонентного полимерного состава на внутреннюю поверхность трубопроводов при работе от передвижных компрессорных установок, производительность 3 л/мин",91.10.04-576
Машины для строительства магистральных трубопроводов,0,Установки для подогрева стыков труб,0,Установки для подогрева стыков,91.10.06-001
Машины для строительства магистральных трубопроводов,0,Установки для продавливания труб,0,"Установки гидравлические управляемого прокола для прокладки трубопроводов различного назначения с двигателем внутреннего сгорания, длина прокола до 100 м",91.10.07-002
Машины для строительства магистральных трубопроводов,0,Установки для продавливания труб,0,"Установки гидравлические управляемого прокола для прокладки трубопроводов различного назначения с двигателем внутреннего сгорания, длина прокола до 25 м",91.10.07-004
Машины для строительства магистральных трубопроводов,0,Установки для продавливания труб,0,Установки с 4 гидравлическими домкратами для продавливания труб диаметром 1000-1720 мм при работе на сооружении магистральных трубопроводов,91.10.11-043
Машины для строительства магистральных трубопроводов,0,Установки для сушки труб,0,Установки для сушки труб диаметром 1400 мм,91.10.08-001
Машины для строительства магистральных трубопроводов,0,Установки для сушки труб,0,Установки для сушки труб диаметром 500 мм,91.10.08-002
Машины для строительства магистральных трубопроводов,0,Установки для сушки труб,0,Установки для сушки труб диаметром 800 мм,91.10.08-003
Машины для строительства магистральных трубопроводов,0,Установки для сушки труб,0,Установки для сушки труб диаметром до 1000-1200 мм,91.10.08-004
Машины для строительства магистральных трубопроводов,0,Устройства и агрегаты для испытаний трубопроводов,0,"Установки для гидравлических испытаний трубопроводов, давление нагнетания низкое 0,1 МПа (1 кгс/см2), высокое 10 МПа (100 кгс/см2)",91.10.09-011
Машины для строительства магистральных трубопроводов,0,Устройства и агрегаты для испытаний трубопроводов,0,"Установки для гидравлических испытаний трубопроводов, давление нагнетания низкое 0,1 МПа (1 кгс/см2), высокое 10 МПа (100 кгс/см2) при работе от передвижных электростанций",91.10.09-012
Машины для строительства магистральных трубопроводов,0,Устройства и агрегаты для испытаний трубопроводов,0,Системы телеинспекционные для обследования труб на базе автомобиля,91.10.11-031
Машины для строительства магистральных трубопроводов,0,Устройства и агрегаты для испытаний трубопроводов,0,"Детекторы обнаружения течи на плоских поверхностях методом векторного картирования, производительность по площади до 50 м2/час",91.10.11-523
Машины для строительства магистральных трубопроводов,0,Устройства и агрегаты для испытаний трубопроводов,0,"Комплексы мобильные для диагностики внутренней поверхности трубопроводов методом акустического резонанса, диаметр трубопровода 290-620 мм",91.10.11-524
Машины для строительства магистральных трубопроводов,0,Устройства и агрегаты для испытаний трубопроводов,0,Установки самоходные комплексные для санации безнапорных канализационных трубопроводов светополимерным рукавом,91.10.11-570
Машины для строительства магистральных трубопроводов,0,Центраторы,0,Системы сварочные с внутренним центратором и автоматической многоголовочной внутренней системой для сварки корня шва,91.10.10-001
Машины для строительства магистральных трубопроводов,0,Центраторы,0,Центраторы внутренние гидравлические для труб диаметром 500-600 мм,91.10.10-011
Машины для строительства магистральных трубопроводов,0,Центраторы,0,Центраторы внутренние гидравлические для труб диаметром 700-800 мм,91.10.10-012
Машины для строительства магистральных трубопроводов,0,Центраторы,0,Центраторы внутренние гидравлические для труб диаметром 900-1000 мм,91.10.10-013
Машины для строительства магистральных трубопроводов,0,Центраторы,0,Центраторы внутренние гидравлические для труб диаметром 1200 мм,91.10.10-014
Машины для строительства магистральных трубопроводов,0,Центраторы,0,Центраторы внутренние гидравлические для труб диаметром 1400 мм,91.10.10-015
Машины для строительства магистральных трубопроводов,0,Центраторы,0,Центраторы внутренние гидравлические для труб диаметром 400- 500 мм,91.10.10-016
Машины для строительства магистральных трубопроводов,0,Установки для отрезки труб,0,Машины для безогневой резки труб,91.10.11-011
Машины для строительства магистральных трубопроводов,0,Установки для отрезки труб,0,"Установки для отрезки труб, обработки наружной фаски и расточки внутреннего диаметра (труборезы разъемные) в комплекте с гидростанцией, диаметр труб 630-820 мм",91.10.11-042
Машины для строительства магистральных трубопроводов,0,Установки для отрезки труб,0,"Установки для отрезки труб, обработки наружной фаски и расточки внутреннего диаметра (труборезы разъемные) в комплекте с гидростанцией, диаметр труб 1020-1220 мм",91.10.11-044
Машины для строительства магистральных трубопроводов,0,Установки для отрезки труб,0,Машины для резки труб переносные,91.10.11-071
Машины для строительства магистральных трубопроводов,0,Устройства для исправления вмятин на трубах,0,Устройства для исправления вмятин на трубах диаметром 600-1400 мм,91.10.11-051
Машины для строительства магистральных трубопроводов,0,Фиксаторы,0,Фиксаторы модулей,91.10.11-061
Машины для сооружений линий связи и электропередач,0,Аппараты смазочные,0,Аппараты смазочные тросовые,91.11.02-001
Машины для сооружений линий связи и электропередач,0,Тележки кабельные,0,Тележки кабельные,91.21.22-401
Машины для сооружений линий связи и электропередач,0,Шиногибы гидравлические,0,Шиногибы гидравлические универсальные,91.21.22-491
Машины для строительства магистральных трубопроводов,0,Разрушители гидравлические,0,"Разрушители гидравлические для замены трубопроводов, тяговое усилие 175 тонн",91.10.11-081
Машины для строительства магистральных трубопроводов,0,Разрушители гидравлические,0,"Разрушители гидравлические для замены трубопроводов, тяговое усилие 400 тонн",91.10.11-082
Машины для строительства магистральных трубопроводов,0,Машины для врезки в газопровод,0,"Машины для врезки в действующий стальной газопровод, диаметр труб 50-100 мм, давление до 1,2 МПа",91.10.11-090
Машины для строительства магистральных трубопроводов,0,Машины для врезки в газопровод,0,"Машины для врезки в действующий стальной газопровод, диаметр труб 125-150 мм, давление до 1,2 МПа",91.10.11-091
Машины для строительства магистральных трубопроводов,0,Машины для врезки в газопровод,0,"Машины для врезки в действующий стальной газопровод, диаметр труб 200 мм, давление до 1,6 МПа",91.10.11-092
Машины для строительства магистральных трубопроводов,0,Машины для врезки в газопровод,0,"Машины для врезки в действующий стальной газопровод, диаметр труб 250 мм, давление до 1,6 МПа",91.10.11-093
Машины для строительства магистральных трубопроводов,0,Машины для врезки в газопровод,0,"Машины для врезки в действующий стальной газопровод, диаметр труб 300 мм, давление до 1,6 МПа",91.10.11-094
Машины для строительства магистральных трубопроводов,0,Машины для врезки в газопровод,0,"Машины для врезки в действующий стальной газопровод, диаметр труб 350 мм, давление до 1,6 МПа",91.10.11-095
Машины для строительства магистральных трубопроводов,0,Машины для врезки в газопровод,0,"Машины для врезки в действующий стальной газопровод, диаметр труб 400 мм, давление до 1,6 МПа",91.10.11-096
Машины для строительства магистральных трубопроводов,0,Машины для врезки в газопровод,0,"Машины для врезки в действующий стальной газопровод, диаметр труб 500 мм, давление до 1,6 МПа",91.10.11-097
Машины для строительства магистральных трубопроводов,0,Машины для врезки в газопровод,0,"Машины для врезки в действующий стальной газопровод, диаметр труб 600 мм, давление до 2,0 МПа",91.10.11-098
Машины для строительства магистральных трубопроводов,0,Машины для врезки в газопровод,0,"Машины для врезки в действующий стальной газопровод, диаметр труб 700 мм, давление до 2,0 МПа",91.10.11-099
Машины для строительства магистральных трубопроводов,0,Машины для врезки в газопровод,0,"Машины для врезки в действующий стальной газопровод, диаметр труб 800 мм, давление до 2,0 МПа",91.10.11-100
Машины для строительства магистральных трубопроводов,0,Машины для врезки в газопровод,0,"Машины для врезки в действующий полиэтиленовый газопровод, диаметр труб 63 мм, давление до 0,8 МПа",91.10.11-101
Машины для строительства магистральных трубопроводов,0,Машины для врезки в газопровод,0,"Машины для врезки в действующий полиэтиленовый газопровод, диаметр труб 110 мм, давление до 0,8 МПа",91.10.11-102
Машины для строительства магистральных трубопроводов,0,Машины для врезки в газопровод,0,"Машины для врезки в действующий полиэтиленовый газопровод, диаметр труб 160-180 мм, давление до 0,8 МПа",91.10.11-103
Машины для строительства магистральных трубопроводов,0,Машины для врезки в газопровод,0,"Машины для врезки в действующий полиэтиленовый газопровод, диаметр труб 225 мм, давление до 0,8 МПа",91.10.11-104
Машины для строительства магистральных трубопроводов,0,Машины для врезки в газопровод,0,"Машины для врезки в действующий полиэтиленовый газопровод, диаметр труб 250 мм, давление до 0,8 МПа",91.10.11-105
Машины для строительства магистральных трубопроводов,0,Машины для врезки в газопровод,0,"Машины для врезки в действующий полиэтиленовый газопровод, диаметр труб 315 мм, давление до 0,8 МПа",91.10.11-106
Машины для строительства магистральных трубопроводов,0,Машины для врезки в газопровод,0,"Машины для врезки в действующий стальной газопровод, диаметр труб 32 мм, давление до 1,2 МПа",91.10.11-107
Машины для строительства магистральных трубопроводов,0,Машины для врезки в газопровод,0,"Машины для врезки и перекрытия в действующий стальной газопровод, диаметр труб 50-80, давление до 1,2 МПа",91.10.11-108
Машины для строительства магистральных трубопроводов,0,Машины для врезки в газопровод,0,"Машины для врезки и перекрытия в действующий стальной газопровод, диаметр труб 100-125, давление до 1,2 МПа",91.10.11-109
Машины для строительства магистральных трубопроводов,0,Машины для врезки в газопровод,0,"Машины для врезки и перекрытия в действующий стальной газопровод, диаметр труб 150, давление до 1,2 МПа",91.10.11-110
Машины для строительства магистральных трубопроводов,0,Машины формовочные для обжатия полиэтиленовых труб,0,Машины формовочные для обжатия полиэтиленовых труб диаметром 100-200 мм,91.10.11-130
Машины для строительства магистральных трубопроводов,0,Машины формовочные для обжатия полиэтиленовых труб,0,Машины формовочные для обжатия полиэтиленовых труб диаметром 200-350 мм,91.10.11-131
Машины для строительства магистральных трубопроводов,0,Машины формовочные для обжатия полиэтиленовых труб,0,Машины формовочные для обжатия полиэтиленовых труб диаметром 400-500 мм,91.10.11-132
Машины для строительства магистральных трубопроводов,0,Экспандеры гидравлические,0,Экспандеры гидравлические для полимерных труб диаметром до 100 мм,91.10.11-140
Машины для строительства магистральных трубопроводов,0,Экспандеры гидравлические,0,Экспандеры гидравлические для полимерных труб диаметром 160-500 мм,91.10.11-141
Машины для строительства магистральных трубопроводов,0,Передавливатели гидравлические,0,Передавливатели гидравлические для труб диаметром 110-225 мм,91.21.22-261
Машины для строительства магистральных трубопроводов,0,Передавливатели гидравлические,0,Передавливатели механические для труб диаметром 32-63 мм,91.21.22-262
Машины для строительства магистральных трубопроводов,0,Устройства для перекрытия сечения полиэтиленовых газопроводов,0,Устройства для перекрытия сечения полиэтиленовых газопроводов диаметром 110-225 мм,91.21.22-451
"Устройства для термической обработки, сварки, испытаний и контроля сварных соединений",0,Устройства и агрегаты сварочные,0,"Автоматы сварочные для полимерных покрытий, мощность 4,6 кВт",91.17.04-001
"Устройства для термической обработки, сварки, испытаний и контроля сварных соединений",0,Устройства и агрегаты сварочные,0,"Аппараты сварочные автоматические, сварочный ток до 1250 А",91.17.04-011
"Устройства для термической обработки, сварки, испытаний и контроля сварных соединений",0,Устройства и агрегаты сварочные,0,Аппараты для муфтовой сварки пластмассовых труб диаметром до 200 мм,91.17.04-039
"Устройства для термической обработки, сварки, испытаний и контроля сварных соединений",0,Устройства и агрегаты сварочные,0,Аппараты для муфтовой сварки пластмассовых труб диаметром свыше 200 до 630 мм,91.17.04-040
"Устройства для термической обработки, сварки, испытаний и контроля сварных соединений",0,Устройства и агрегаты сварочные,0,Аппараты для газовой сварки и резки,91.17.04-042
"Устройства для термической обработки, сварки, испытаний и контроля сварных соединений",0,Устройства и агрегаты сварочные,0,"Аппараты с ручным управлением процессом сварки ""встык"" пластмассовых труб диаметром до 160 мм",91.17.04-046
"Устройства для термической обработки, сварки, испытаний и контроля сварных соединений",0,Устройства и агрегаты сварочные,0,"Аппараты с ручным управлением процессом сварки ""встык"" пластмассовых труб диаметром свыше 160 до 315 мм",91.17.04-047
"Устройства для термической обработки, сварки, испытаний и контроля сварных соединений",0,Устройства и агрегаты сварочные,0,"Аппараты с ручным управлением процессом сварки ""встык"" пластмассовых труб диаметром свыше 315 до 630 мм",91.17.04-048
"Устройства для термической обработки, сварки, испытаний и контроля сварных соединений",0,Устройства и агрегаты сварочные,0,Аппараты для муфтовой сварки пластмассовых труб диаметром свыше 630 до 1600 мм,91.17.04-050
"Устройства для термической обработки, сварки, испытаний и контроля сварных соединений",0,Устройства и агрегаты сварочные,0,"Аппараты для воздушной плазменной резки металла, толщина реза до 100 мм",91.17.04-051
"Устройства для термической обработки, сварки, испытаний и контроля сварных соединений",0,Устройства и агрегаты сварочные,0,"Аппараты с автоматическим управлением процессом сварки ""встык"" пластмассовых труб диаметром до 160 мм",91.17.04-053
"Устройства для термической обработки, сварки, испытаний и контроля сварных соединений",0,Устройства и агрегаты сварочные,0,"Аппараты с автоматическим управлением процессом сварки ""встык"" пластмассовых труб диаметром свыше 160 до 315 мм",91.17.04-054
"Устройства для термической обработки, сварки, испытаний и контроля сварных соединений",0,Устройства и агрегаты сварочные,0,"Аппараты с автоматическим управлением процессом сварки ""встык"" пластмассовых труб диаметром свыше 315 до 630 мм",91.17.04-055
"Устройства для термической обработки, сварки, испытаний и контроля сварных соединений",0,Устройства и агрегаты сварочные,0,"Аппараты с полуавтоматическим управлением процессом сварки ""встык"" пластмассовых труб диаметром до 160 мм",91.17.04-056
"Устройства для термической обработки, сварки, испытаний и контроля сварных соединений",0,Устройства и агрегаты сварочные,0,"Аппараты с полуавтоматическим управлением процессом сварки ""встык"" пластмассовых труб диаметром свыше 160 до 315 мм",91.17.04-057
"Устройства для термической обработки, сварки, испытаний и контроля сварных соединений",0,Устройства и агрегаты сварочные,0,"Аппараты с полуавтоматическим управлением процессом сварки ""встык"" пластмассовых труб диаметром свыше 315 до 630 мм",91.17.04-058
"Устройства для термической обработки, сварки, испытаний и контроля сварных соединений",0,Устройства и агрегаты сварочные,0,Манипуляторы универсальные для сварки сферических резервуаров вместимостью до 2000 м3,91.17.04-121
"Устройства для термической обработки, сварки, испытаний и контроля сварных соединений",0,Устройства и агрегаты сварочные,0,"Механизмы подачи проволоки четырехроликовые, скорость подачи проволоки 0,5-25 м/мин, диаметр сварочной проволоки 0,8-2,4 мм",91.17.04-131
"Устройства для термической обработки, сварки, испытаний и контроля сварных соединений",0,Устройства и агрегаты сварочные,0,"Механизмы подачи проволоки четырехроликовые, скорость подачи проволоки 2-18 м/мин, диаметр сварочной проволоки 0,8-1,6 мм",91.17.04-132
"Устройства для термической обработки, сварки, испытаний и контроля сварных соединений",0,Устройства и агрегаты сварочные,0,Позиционеры-центраторы для сборки и сварки полиэтиленовых труб диаметром до 63 мм,91.17.04-152
"Устройства для термической обработки, сварки, испытаний и контроля сварных соединений",0,Устройства и агрегаты сварочные,0,Позиционеры-центраторы для сборки и сварки полиэтиленовых труб диаметром свыше 63 до 160 мм,91.17.04-153
"Устройства для термической обработки, сварки, испытаний и контроля сварных соединений",0,Устройства и агрегаты сварочные,0,Позиционеры-центраторы для сборки и сварки полиэтиленовых труб диаметром свыше 160 до 225 мм,91.17.04-154
"Устройства для термической обработки, сварки, испытаний и контроля сварных соединений",0,Устройства и агрегаты сварочные,0,Позиционеры-центраторы для сборки и сварки полиэтиленовых труб диаметром свыше 225 до 355 мм,91.17.04-155
"Устройства для термической обработки, сварки, испытаний и контроля сварных соединений",0,Устройства и агрегаты сварочные,0,Позиционеры-центраторы для сборки и сварки полиэтиленовых труб диаметром свыше 355 до 500 мм,91.17.04-156
"Устройства для термической обработки, сварки, испытаний и контроля сварных соединений",0,Устройства и агрегаты сварочные,0,Позиционеры-центраторы для сборки и сварки полиэтиленовых труб диаметром свыше 500 до 630 мм,91.17.04-157
"Устройства для термической обработки, сварки, испытаний и контроля сварных соединений",0,Устройства и агрегаты сварочные,0,"Аппарат сварочный для полуавтоматической сварки, сварочный ток до 500 А, в комплекте с механизмом подачи проволоки",91.17.04-161
"Устройства для термической обработки, сварки, испытаний и контроля сварных соединений",0,Устройства и агрегаты сварочные,0,"Аппараты сварочные для ручной дуговой сварки, сварочный ток до 500 А",91.17.04-171
"Устройства для термической обработки, сварки, испытаний и контроля сварных соединений",0,Устройства и агрегаты сварочные,0,"Аппараты с автоматическим управлением процессом сварки ""встык"" пластмассовых труб диаметром свыше 630 до 1200 мм",91.17.04-192
"Устройства для термической обработки, сварки, испытаний и контроля сварных соединений",0,Устройства и агрегаты сварочные,0,Аппараты сварочные для сварки оптических кабелей со скалывателем,91.17.04-194
"Устройства для термической обработки, сварки, испытаний и контроля сварных соединений",0,Устройства и агрегаты сварочные,0,"Системы сварочные внешние с двумя однодуговыми сварочными головками, скорость сварки до 1,52 м/мин, сварочный ток до 290 А",91.17.04-201
"Устройства для термической обработки, сварки, испытаний и контроля сварных соединений",0,Устройства и агрегаты сварочные,0,"Системы сварочные внешние с двумя двухдуговыми сварочными головками, скорость сварки до 1,54 м/мин, сварочный ток до 290 А",91.17.04-202
"Устройства для термической обработки, сварки, испытаний и контроля сварных соединений",0,Устройства и агрегаты сварочные,0,"Установки полевые для автоматической сварки труб при работе от передвижных электростанций, диаметр труб 300-500 мм",91.17.04-221
"Устройства для термической обработки, сварки, испытаний и контроля сварных соединений",0,Устройства и агрегаты сварочные,0,"Установки полевые для автоматической сварки труб при работе от передвижных электростанций, диаметр труб 600-800 мм",91.17.04-222
"Устройства для термической обработки, сварки, испытаний и контроля сварных соединений",0,Устройства и агрегаты сварочные,0,"Установки полевые для автоматической сварки труб при работе от передвижных электростанций, диаметр труб 1000-1400 мм",91.17.04-223
"Устройства для термической обработки, сварки, испытаний и контроля сварных соединений",0,Устройства и агрегаты сварочные,0,Горелки инфракрасные газовые для нагрева деформационных швов,91.17.04-224
"Устройства для термической обработки, сварки, испытаний и контроля сварных соединений",0,Устройства и агрегаты сварочные,0,"Инверторы сварочные для аргонодуговой сварки трехфазные, максимальный сварочный ток 500 А",91.17.04-232
"Устройства для термической обработки, сварки, испытаний и контроля сварных соединений",0,Устройства и агрегаты сварочные,0,"Аппараты сварочные для ручной дуговой сварки, сварочный ток до 350 А",91.17.04-233
"Устройства для термической обработки, сварки, испытаний и контроля сварных соединений",0,Устройства и агрегаты сварочные,0,"Экструдеры ручные сварочные, мощность 3,5 кВт",91.17.04-241
"Устройства для термической обработки, сварки, испытаний и контроля сварных соединений",0,Устройства и агрегаты сварочные,0,"Генераторы бензиновые портативные, мощность до 6 кВт",91.17.04-544
"Насосы, станции насосные, холодильные и замораживающие",0,Маслонасосы,0,"Маслонасосы шестеренные, производительность 1,6 м3/час",91.19.02-001
"Насосы, станции насосные, холодильные и замораживающие",0,Маслонасосы,0,"Маслонасосы шестеренные, производительность 2,3 м3/час",91.19.02-002
"Насосы, станции насосные, холодильные и замораживающие",0,Маслонасосы,0,"Маслонасосы шестеренные, производительность 3,6 м3/час",91.19.02-003
"Насосы, станции насосные, холодильные и замораживающие",0,Маслонасосы,0,"Маслонасосы шестеренные, производительность м3/час: 5,8",91.19.02-004
"Насосы, станции насосные, холодильные и замораживающие",0,Маслостанции,0,"Маслостанции передвижные, мощность электромотора 15 кВт",91.19.03-001
"Насосы, станции насосные, холодильные и замораживающие",0,Маслостанции,0,"Маслостанции передвижные, мощность электромотора 30 кВт",91.19.03-002
Агрегаты для подводно-технических работ,0,Агрегаты сварочные,0,Агрегаты сварочные электрические передвижные для подводной сварки и резки металлов в комплекте с дизельным генератором,91.20.01-001
Агрегаты для подводно-технических работ,0,Молотки отбойные,0,"Молотки отбойные пневматические для работы в подводных условиях при работе от передвижных компрессорных установок, число ударов в минуту 1350",91.20.01-011
Агрегаты для подводно-технических работ,0,Установки для размыва и отсоса грунта,0,Установки для размыва и отсоса грунта гидравлические,91.20.01-021
Агрегаты для подводно-технических работ,0,Установки скреперные ,0,"Установки скреперные для устройства подводных траншей с ковшом 1-1,5 м3",91.20.01-022
Агрегаты и установки строительно-монтажные ,0,Режущие аппараты,0,"Автоматы канатной резки, длина приема каната до 21 м",91.21.22-011
Агрегаты и установки строительно-монтажные ,0,Режущие аппараты,0,"Стенорезные машины, максимальная глубина резки 730 мм",91.21.22-391
Агрегаты и установки строительно-монтажные ,0,Агрегаты и аппараты для кровельных работ,0,Инфракрасные нагреватели мягкой кровли,91.21.22-041
Агрегаты и установки строительно-монтажные ,0,Агрегаты и аппараты для кровельных работ,0,Аппараты для переработки битумосодержащих материалов,91.21.22-042
Агрегаты и установки строительно-монтажные ,0,Агрегаты и аппараты для кровельных работ,0,Аппараты для снятия и измельчения старых дефектных рубероидных ковров,91.21.22-051
Агрегаты и установки строительно-монтажные ,0,Агрегаты и аппараты для кровельных работ,0,Установки для приготовления горячей рубероидной массы,91.21.22-444
Агрегаты и установки строительно-монтажные ,0,Сита,0,Вибросита,91.21.22-081
Агрегаты и установки строительно-монтажные ,0,Горны,0,Горны кузнечные,91.21.22-101
Агрегаты и установки строительно-монтажные ,0,Машины и агрегаты по оброботки бетона,0,Железобетоноломы (гидроклинья) с гидравлическим приводом,91.21.22-141
Агрегаты и установки строительно-монтажные ,0,Машины и агрегаты по оброботки бетона,0,Комплексы вакуумные для вирибровакуумной обработки бетона при устройстве полов,91.21.22-161
Агрегаты и установки строительно-монтажные ,0,Машины и агрегаты по оброботки бетона,0,"Машины бетоноотделочные однороторные, мощность 3 кВт (4 л.с.)",91.21.22-187
Агрегаты и установки строительно-монтажные ,0,Машины и агрегаты по оброботки бетона,0,"Машины затирочные однороторные, мощность 7 кВт (9 л.с.)",91.21.22-188
Агрегаты и установки строительно-монтажные ,0,Машины и агрегаты по оброботки бетона,0,"Машины затирочные двухроторные, мощность 14 кВт (20 л.с.)",91.21.22-189
Агрегаты и установки строительно-монтажные ,0,Машины и установки для сварки,0,Машины для сварки линолеума,91.21.22-193
Агрегаты и установки строительно-монтажные ,0,Машины и установки для сварки,0,"Установки для сварки полиэтиленовой пленки, мощность нагрева клина 1 кВт",91.21.22-446
Агрегаты и установки строительно-монтажные ,0,Мешалки и смесители,0,"Мешалки электрические с перфорированным барабаном, 250 л",91.21.22-211
Агрегаты и установки строительно-монтажные ,0,Мешалки и смесители,0,Смесители периодического действия с Z-образными лопастями для смешивания резинового клея,91.21.22-445
Агрегаты и установки строительно-монтажные ,0,Пистолеты строительно-монтажные и перфораторы,0,Пистолеты строительно-монтажные,91.21.22-271
Агрегаты и установки строительно-монтажные ,0,Пистолеты строительно-монтажные и перфораторы,0,Пневмопистолеты для прочистки труб и систем отопления при работе от передвижных компрессорных установок,91.21.22-291
Агрегаты и установки строительно-монтажные ,0,Пистолеты строительно-монтажные и перфораторы,0,Поддержки для переносных перфораторов пневматических,91.21.22-301
Агрегаты и установки строительно-монтажные ,0,"Установки для напыления и заливки ППУ, ПМ",0,"Установки для напыления и заливки ППУ, ПМ, с компрессором и системой проточного подогрева компонентов, производительность до 15 кг/мин",91.21.22-442
Агрегаты и установки строительно-монтажные ,0,Насосы инъекционные,0,"Насосы инъекционные мембранные высокого давления, производительность 2,5 л/мин",91.21.22-588
Агрегаты и установки строительно-монтажные ,0,Насосы инъекционные,0,"Насосы инъекционные поршневые давлением до 40 МПа, производительность 1 л/мин",91.21.22-589
Агрегаты и установки строительно-монтажные ,0,Насосы поршневые,0,"Насосы поршневые пневматические для полимерных составов двухкомпонентные при работе от передвижных компрессорных установок, производительность по сжатому воздуху до 8,5 л/мин",91.21.22-590
Агрегаты и установки строительно-монтажные ,0,Пылесосы промышленные,0,"Пылесосы промышленные, мощность до 2000 Вт",91.21.22-638
Агрегаты и установки строительно-монтажные ,0,Установки для гидроочистки поверхности,0,"Установки для гидроочистки поверхности, давление до 35 МПа, производительность до 21 л/мин",91.21.22-674
Агрегаты и установки строительно-монтажные ,0,Установки электродуговой металлизации,0,"Установки электродуговой металлизации толкающего типа, напыляемый материал металлическая проволока, производительность до 30 кг/ч, мощность до 40 кВт",91.21.22-701
Агрегаты и установки строительно-монтажные ,0,Молотки,0,Молотки отбойные гидравлические,91.21.22-702
Агрегаты и установки строительно-монтажные ,0,Молотки,0,"Молотки-перфораторы гидравлические, диаметр выбуриваемых отверстий 25-50 мм",91.21.22-703
Агрегаты и установки строительно-монтажные ,0,Молотки,0,"Гидромолоты на базе шагающего экскаватора, вес ударной массы 0,44 т",91.21.22-704
Агрегаты и установки строительно-монтажные ,0,Молотки,0,Молотки рубильные пневматические при работе от передвижных компрессорных установок,91.21.22-221
"Агрегаты для нанесения покрытий, окрасочные",0,Агрегаты для подачи грунтовки,0,Агрегаты для подачи грунтовки,91.21.01-011
"Агрегаты для нанесения покрытий, окрасочные",0,Окрасочные агрегаты,0,"Агрегаты окрасочные высокого давления для окраски поверхностей конструкций, мощность 1 кВт",91.21.01-012
"Агрегаты для нанесения покрытий, окрасочные",0,Окрасочные агрегаты,0,"Агрегаты окрасочные высокого давления для окраски поверхностей конструкций, мощность 2 кВт",91.21.01-013
"Агрегаты для нанесения покрытий, окрасочные",0,Окрасочные агрегаты,0,"Аппараты окрасочные электроприводного безвоздушного распыления при работе, производительность до 12 л/мин",91.21.01-512
"Агрегаты для нанесения покрытий, окрасочные",0,Окрасочные агрегаты,0,"Аппараты окрасочные электроприводного безвоздушного распыления, производительность до 5 л/мин",91.21.01-514
"Агрегаты для нанесения покрытий, окрасочные",0,Окрасочные агрегаты,0,"Аппараты окрасочные электроприводного безвоздушного распыления, производительность до 8,7 л/мин",91.21.01-021
"Агрегаты для нанесения покрытий, окрасочные",0,Окрасочные агрегаты,0,Агрегаты шпатлево-окрасочные при работе от передвижных компрессорных установок,91.21.01-016
"Агрегаты для нанесения покрытий, окрасочные",0,Окрасочные агрегаты,0,Краскотерки электрические автоматические,91.21.01-051
"Агрегаты для нанесения покрытий, окрасочные",0,Окрасочные агрегаты,0,"Краскопульты электрические, производительность до 0,5 л/мин",91.21.22-540
"Агрегаты для нанесения покрытий, окрасочные",0,Штукатурные агрегаты ,0,"Агрегаты штукатурные, производительность 1,0-2,5 м3/ч",91.21.01-508
"Агрегаты для нанесения покрытий, окрасочные",0,Штукатурные агрегаты ,0,"Агрегаты смесительно-штукатурные, передвижные, производительность 2 м3/ч",91.21.01-015
Аппараты высокого давления,0,Аппараты  для гидроочистки поверхностей,0,"Аппараты высокого давления электрические для гидроочистки поверхностей, производительность 1000 л/ч, давление 50 МПа",91.21.02-001
Аппараты высокого давления,0,Аппараты  для гидроочистки поверхностей,0,"Аппараты высокого давления с двигателем внутреннего сгорания для гидроочистки поверхностей, производительность 21 л/мин, давление 35 Мпа",91.21.02-002
Аппараты высокого давления,0,Аппараты  для гидроочистки поверхностей,0,"Аппараты высокого давления с двигателем внутреннего сгорания для гидроочистки поверхностей, производительность 20 л/мин, давление 100 Мпа",91.21.02-011
Аппараты высокого давления,0,Аппараты моечные,0,"Аппараты моечные высокого давления бензиновые, производительность до 470 л/ч, давление 16 МПа",91.21.02-502
"Аппараты пескоструйные, дробеструйные",0,Аппараты напорно-струйные,0,"Аппараты напорно-струйные, емкость резервуара 2500 л, рабочее давление 1,2 МПа",91.21.03-001
"Аппараты пескоструйные, дробеструйные",0,Аппараты дробеструйные,0,Аппараты дробеструйные при работе от передвижных компрессорных установок,91.21.03-011
"Аппараты пескоструйные, дробеструйные",0,Аппараты дробеструйные,0,Камеры дробеструйные,91.21.03-021
"Аппараты пескоструйные, дробеструйные",0,Аппараты пескоструйные,0,"Аппараты пескоструйные при работе от передвижных компрессорных установок, объем до 19 л, расход воздуха 270-700 л/мин",91.21.03-502
"Аппараты пескоструйные, дробеструйные",0,Аппараты абразивоструйные,0,"Аппараты абразивоструйные при работе от передвижных компрессорных установок, объем до 200 л, расход воздуха до 16 м3/мин",91.21.03-507
"Аппараты пескоструйные, дробеструйные",0,Аппараты абразивоструйные,0,"Аппараты абразивоструйные при работе от передвижных компрессорных установок, объем до 200 л, расход воздуха до 16 м3/мин, с насадкой для очистки внутренней поверхности труб диаметром 200-900 мм",91.21.03-510
Выравниватели концов труб,0,Выравниватели концов труб для полиэтиленовых труб,0,Выравниватели концов труб для полиэтиленовых труб диаметром 32-63 мм,91.21.04-001
Выравниватели концов труб,0,Выравниватели концов труб для полиэтиленовых труб,0,Выравниватели концов труб для полиэтиленовых труб диаметром 110-160 мм,91.21.04-002
"Машины шлифовальные, циклевочные и рубанки",0,Машины для острожки,0,Машины для острожки деревянных полов,91.21.07-001
"Машины шлифовальные, циклевочные и рубанки",0,Машины шлифовальные,0,Машины паркетно-шлифовальные,91.21.07-002
"Машины шлифовальные, циклевочные и рубанки",0,Машины шлифовальные,0,Машины мозаично-шлифовальные,91.21.07-011
Молотки клепальные,0,Молотки клепальные электрические,0,"Молотки клепальные электрические, мощность 0,4 кВт",91.21.09-001
Молотки клепальные,0,Молотки клепальные пневматические,0,Молотки клепальные пневматические,91.21.09-011
Молотки отбойные,0,Молотки клепальные пневматические,0,Молотки отбойные пневматические при работе от стационарных компрессорных станций,91.21.10-001
Молотки отбойные,0,Молотки клепальные пневматические,0,Молотки отбойные пневматические при работе от передвижных компрессоров,91.21.10-002
Молотки отбойные,0,Молотки чеканочные,0,Молотки чеканочные при работе от передвижных компрессорных установок,91.21.10-004
Молотки отбойные,0,Молотки чеканочные,0,Молотки при работе от стационарных компрессорных станций чеканочные,91.21.10-006
Молотки отбойные,0,Молотки отбойные электрические,0,"Молотки отбойные электрические, мощность 1,5 кВт",91.21.10-011
Мотобуры,0,Мотобуры ручные,0,"Мотобуры ручные, диаметр сверла 200 мм, глубина сверления до 1 м, мощность двигателя 1,6 кВт",91.21.11-001
Мотобуры,0,Мотобуры ручные,0,"Мотобуры ручные, диаметр сверла от 200 до 350 мм, мощность двигателя до 5,5 кВт",91.21.11-002
Ножницы,0,Ножницы ручные,0,Ножницы ручные с храповым механизмом для полиэтиленовых труб диаметром до 63 мм,91.21.12-003
Ножницы,0,Ножницы электрические,0,Ножницы электрические,91.21.12-004
Пилы,0,Бензорезы,0,"Бензорезы, мощность двигателя 3 кВт (4 л.с.)",91.21.15-001
Пилы,0,Пилы ленточные,0,"Пилы ленточные с поворотной пилорамой электрические, скорость движения ленты 80 м/мин",91.21.15-022
Пилы,0,Пилы маятниковые,0,"Пилы маятниковые для резки металлопроката электрические, диаметр диска 350 мм",91.21.15-023
Пилы,0,Пилы бензиновые,0,"Пилы бензиновые отрезные дисковые, мощность до 5 кВт (7 л.с.)",91.21.15-508
Пробойники,0,Пневмопробойники,0,Пневмопробойники при бестраншейной замене труб диаметром от 355 до 630 мм при работе от передвижных компрессорных установок,91.21.17-001
Пробойники,0,Пневмопробойники,0,Пневмопробойники при бестраншейной замене труб диаметром от 200 до 355 мм при работе от передвижных компрессорных установок,91.21.17-002
Пробойники,0,Пневмопробойники,0,Пневмопробойники при бестраншейной замене труб диаметром до 250 мм при работе от передвижных компрессорных установок,91.21.17-011
Пробойники,0,Пневмопробойники,0,Пневмопробойники при бестраншейной замене труб диаметром от 630 до 1200 мм при работе от передвижных компрессорных установок,91.21.17-013
Теплооборудование,0,Пушки тепловые,0,"Пушки тепловые, тепловая мощность 26-44 кВт",91.21.18-021
Буровые установки,0,Установки алмазного бурения,0,"Установки алмазного бурения скважин в железобетоне электрические, диаметр бурения до 400 мм",91.21.20-001
Буровые установки,0,Установки алмазного бурения,0,"Установки алмазного бурения скважин в железобетоне гидравлические, диаметр бурения до 150 мм",91.21.20-011
Буровые установки,0,Установки алмазного бурения,0,"Установки алмазного бурения скважин в железобетоне гидравлические, диаметр бурения до 300 мм",91.21.20-012
Буровые установки,0,Установки алмазного бурения,0,"Установки алмазного бурения скважин в железобетоне электрические, диаметр бурения до 250 мм",91.21.20-013
Буровые установки,0,Установки алмазного бурения,0,"Установки алмазного бурения скважин в железобетоне гидравлические, диаметр сверления 200-400 мм",91.21.20-014
Буровые установки,0,Установки алмазного бурения,0,"Установки алмазного бурения скважин в железобетоне электрические, диаметр бурения до 160 мм",91.21.20-502
Буровые установки,0,Установки алмазного бурения,0,"Установки алмазного бурения скважин в железобетоне электрические, диаметр бурения до 500 мм",91.21.20-503
Буровые установки,0,Установки алмазного бурения,0,"Установки алмазного бурения скважин в железобетоне электрические, диаметр бурения до 600 мм",91.21.20-504
